region,ID,name,BOM-BARPA-R-ACCESS-CM2-r4i1p1f1,BOM-BARPA-R-ACCESS-ESM1-5-r6i1p1f1,BOM-BARPA-R-CESM2-r11i1p1f1,BOM-BARPA-R-CMCC-ESM2-r1i1p1f1,BOM-BARPA-R-EC-Earth3-r1i1p1f1,BOM-BARPA-R-MPI-ESM1-2-HR-r1i1p1f1,BOM-BARPA-R-NorESM2-MM-r1i1p1f1,CSIRO-CCAM-v2203-SN-ACCESS-CM2-r4i1p1f1,CSIRO-CCAM-v2203-SN-ACCESS-ESM1-5-r6i1p1f1,CSIRO-CCAM-v2203-SN-CESM2-r11i1p1f1,CSIRO-CCAM-v2203-SN-CMCC-ESM2-r1i1p1f1,CSIRO-CCAM-v2203-SN-CNRM-ESM2-1-r1i1p1f2,CSIRO-CCAM-v2203-SN-EC-Earth3-r1i1p1f1,ensemble_median
113,61116964,SALT LAKE,2.7774730101175944,2.2877465270592854,2.8263697088795547,2.016963986820289,2.19966083269859,2.838503644528092,3.085596753642867,2.5463517400646802,2.6049253753259767,2.95915604912878,1.7961636322957957,2.3161783615405467,1.8583338661315396,2.5463517400646802
112,61116963,NULLARBOR,2.8997797538110683,2.2815660364004007,2.716179513760173,1.982643122144271,2.1274580924564095,2.956861679184585,3.072968731156788,2.4980979888132997,2.3795165514031624,2.8678058112416416,1.9035903106535241,2.731863318939087,2.130787144448831,2.4980979888132997
131,80908403,GASCOYNE RIVER,2.5508253160772396,1.8553547145047176,3.128976555844163,1.9298026974874778,2.2239954263093757,2.674351051425231,2.7956478562785674,2.544012092372901,2.496535307847857,3.144141338041904,1.7951408239445197,2.2099605602887906,1.858625514456484,2.496535307847857
119,70411056,MOORE-HILL RIVERS,2.6512925601308357,2.4944160601906042,2.9607122670539936,2.054278797053085,2.037196637246158,2.7083066317450304,2.7955945936692137,2.473882378933747,2.2549507395004067,2.763329676868955,1.4548915396588806,2.0898248117480214,1.5761994111936644,2.473882378933747
111,61116962,GAIRDNER,2.4668648216042763,2.219083153414117,3.016504845229543,2.0937891493509304,2.0311293427733705,2.6540762493254,2.7366838646289047,2.1767458570667824,2.674183052461262,2.84455037755271,2.044865288098963,3.05981371483973,2.1306386099942873,2.4668648216042763
133,80908405,ASHBURTON RIVER,2.4966498998627205,1.8173164113885485,3.021525073182738,2.296512170561915,2.3188987477850014,2.5873208795061506,2.739062746148383,2.4553085187601598,2.4704317685588277,3.250097686598362,2.1139560347391577,2.291451569112784,1.7110898253764342,2.4553085187601598
68,26960635,MANNING RIVER,2.799133366136841,3.227068159961659,3.4933585835751098,2.3759422943507253,1.684707084099813,2.479226288692189,2.4675216820506076,0.9893014221598261,3.390068162435408,2.3211458695289253,1.3343166723472006,2.449043900939971,0.4398475881148417,2.449043900939971
66,26960633,MACLEAY RIVER,2.544328916132231,3.1831387064270262,3.5606331920344263,2.5465419940432605,1.651541275996987,2.613206883453272,2.2793196168999756,1.5303873488556605,3.4549853250938916,2.4451741318761466,1.5495435453252477,2.0737745942396844,0.6798402423951737,2.4451741318761466
74,29049286,SHOALHAVEN RIVER,2.444308278477969,3.361554170740773,3.178378664119755,2.5078392291981326,1.2121221541906004,2.970565326713569,2.614771997073723,0.9569110081884943,2.3145262746873003,2.516149657762973,2.1066420196248314,1.6418746227224557,0.6988375202508664,2.444308278477969
137,90874765,DE GREY RIVER,2.5518563289840097,2.200734933899637,2.940161458845318,2.083233491721089,2.4341993180068004,2.474781323310001,2.8708659676838,2.4346371683786643,2.848273210032295,3.084782444820293,2.367425459143905,2.2400739704265815,1.8733540642694186,2.4346371683786643
134,80908406,ONSLOW COAST,2.866576163912251,1.6342570002440617,2.7984304717393313,2.2096634128926342,2.428809887084167,2.7919880791917127,2.4281984227530296,2.830280406442919,2.442869746732131,3.2126940946680467,2.112491694449592,2.3756692627553684,1.5664491203108706,2.428809887084167
129,80908401,MURCHISON RIVER,2.588881080154933,2.271750209095911,3.2291775878193296,1.9666517004878683,2.05468702712638,2.9803302764293833,2.982005322137646,2.4242992378248798,2.440547601175179,3.1759936734061434,1.7072418047505757,2.2110365133800105,1.7692992518277197,2.4242992378248798
141,102206379,VICTORIA RIVER-WISO,2.673786071764135,2.5929911408168227,2.806537507446613,1.9582310895137491,2.097769440721505,2.42422926745323,2.869226186811392,2.288379876903085,3.1462703890301342,2.9186519576450514,1.8238696075617116,1.9279516960667789,1.4106188127131847,2.42422926745323
67,26960634,HASTINGS RIVER,2.5536367584193203,3.258172825786559,3.804884698451497,2.931375953636717,2.0756919179208535,2.4024420028829367,1.94271265033278,0.8997055705281981,2.880842878669506,2.497508565462174,1.5492869185897065,2.348740917496196,0.04554305030731873,2.4024420028829367
47,21551931,SNOWY RIVER,2.6423579932393495,2.997107781864994,3.4431154311800167,2.7502500243549233,1.3117282771201864,3.1567775299493115,3.130329331957289,1.6629257277606972,2.4018924750494994,2.12649442314094,1.9672604742201483,2.042789784964001,0.29506188276715933,2.4018924750494994
135,80908407,FORTESCUE RIVER,2.4216249885830394,2.1268465234834135,3.0392834152077306,2.2006703333373623,2.3578047908445563,2.7306049052689523,2.777625214203422,2.3901542757423844,2.8859516070850137,3.181640763217376,2.304930794164259,2.2799867972900216,1.6505072523396778,2.3901542757423844
130,80908402,WOORAMEL RIVER,2.6530511920020996,2.066480985381603,2.924943957169157,1.6944923604299158,2.0639021211288293,2.595869703842765,2.94625351917251,2.7112482082066403,2.3861029434506578,2.9924772652545055,1.4275665054924633,2.2865497192727298,1.8284906682648816,2.3861029434506578
64,26960631,CLARENCE RIVER,2.1486129833926286,3.1771844237865348,3.844477684072537,2.4669797207608757,1.4988823755716212,2.560623272235226,2.3772506262733364,1.1547596101750552,3.4827524781537287,2.6055737086164785,1.4710123978224334,1.6075539042875417,0.8620832733049401,2.3772506262733364
132,80908404,YANNARIE RIVER,2.499247883214569,1.6416327267112334,2.7944810525704242,1.7903366624116177,2.37294370540772,2.519137676118038,2.0657272888929286,2.8370696970944635,2.5311892060016947,2.9471020446639775,1.7736503548330498,2.101693334636208,1.7414863233315068,2.37294370540772
71,29049283,HAWKESBURY RIVER,2.781038367164868,3.7002807623638003,3.1939182569352047,2.3452917177632453,1.3693890957665489,2.7567963021917894,2.371060342559232,0.5679396961427631,2.966944882742586,2.5945135832849244,2.1373979968944155,1.8491209790290442,0.6000387182742558,2.371060342559232
99,49999998,DARLING RIVER,2.3577014481371,2.3681051266205304,2.9534489126883066,2.1479283782173852,1.4340416266994436,2.51313600595361,2.439430216929317,1.7785698087358572,2.430497282719525,2.5701551210713625,1.7625064691174355,2.13843584557952,1.3664346971498365,2.3577014481371
139,102206377,CAPE LEVEQUE COAST,2.1810940136661006,2.4419658597008795,2.5594300974920565,1.747361724562319,1.8388715711466126,2.2473424272287885,2.3576778408329093,2.4921232319392534,2.5544352837897626,2.8627906470371536,2.6371596441851834,1.927351790296654,2.002585548800347,2.3576778408329093
165,119368618,LAKE EYRE,2.4794448808143534,2.0633445382099582,3.0774057760579945,2.039720604812409,1.8909697713770697,2.3655706179258047,2.478973491655076,2.11788015978662,2.3244535980392502,2.7285915336508593,2.137124536721188,2.721330968496719,2.35340403062082,2.35340403062082
115,70411052,BUSSELTON COAST,2.763061418304889,2.089079157723463,2.4501976740459406,1.5808063409031512,2.288263513419758,2.786467376996949,2.547924520199469,2.784129710290377,2.353630313109048,2.3522229275940694,1.517182468819128,1.4013943830440236,1.4561214274359378,2.3522229275940694
136,80908408,PORT HEDLAND COAST,2.475684812542895,2.068821801328177,2.994728175740343,2.1273015591585516,2.3416965211607472,2.778027324735183,2.562965756706898,2.2053700811357433,2.7624484166981915,3.3251041199463782,1.9971347445803096,2.322527342054193,1.6939423168906864,2.3416965211607472
138,90874766,SANDY DESERT,2.598998525074755,2.291548531894492,2.7006008438823303,2.052854820432264,2.2554269114002214,2.296089468008764,2.638283628546875,2.455226481416914,2.6910145811112325,2.994801655841308,2.336704617508551,1.8541851533801352,1.4408250703815448,2.336704617508551
65,26960632,BELLINGER RIVER,2.4746253095246025,3.2425498293030013,3.4092426015504564,2.8536298802992226,1.8104623363465338,2.308375058889774,1.9357633989478935,1.370507795436469,2.6079353182999316,2.5489937304029424,1.9659252497790742,1.887661490849649,0.4696648442454148,2.308375058889774
24,16644841,TULLY-MURRAY RIVERS,2.6711625935655072,2.3078725776941833,3.3788584207532555,2.086517054055941,1.5895260690720094,2.786737855478527,2.806250166451887,1.5821217382583346,2.6503485540664453,2.8316808412724326,1.4011617735461959,1.564175165727436,1.2573709378766524,2.3078725776941833
101,50286877,SPENCER GULF,2.300089096924984,2.3930091928013724,2.856564489686089,2.2847337605529927,1.5815755354995813,2.5740388366785996,2.3371091827478985,1.913738175987991,2.2611890068763785,2.5997861107094193,1.7432502548250062,3.32344650817759,1.7115552524938227,2.300089096924984
126,70411063,DONNELLY RIVER,2.694301893448491,2.103522402636155,2.6888233055405877,1.347356724514354,2.0222762059785087,2.2715798712146977,3.0894120955226456,2.6536009662238462,2.3250949267654875,2.807401969929624,1.5997121111958856,1.3793479500782708,1.6332487686082624,2.2715798712146977
142,102206380,FITZMAURICE RIVER,2.384494083323102,2.6660812553450053,2.591116039876977,1.6610799480233844,1.6106092451023677,2.3937125612977774,2.362924069782945,1.7517594559266072,2.4776920919518615,2.270902691641899,1.5983991330697596,1.6425015751128398,1.1972821913122385,2.270902691641899
61,26960628,HUNTER RIVER,2.8235196214689604,3.2764002340309064,3.1252303142455777,2.23456368407029,1.5412703250674196,2.652678665707339,2.2640061106186664,0.8217702773429728,3.042215164507708,2.707800218641673,1.7364070493637407,1.9902318977562201,0.3740912183881484,2.2640061106186664
150,102206388,FITZROY RIVER (WA),2.2272510031867045,2.4292804347062322,2.780278197196868,1.8863003526755115,2.1564861181121087,2.120038315331829,2.506214400019333,2.4475683832894686,2.7577215069918837,2.682771241984389,2.261725813954187,1.8377449962162837,1.5380691493872536,2.261725813954187
75,29049287,CLYDE RIVER-JERVIS BAY,1.936909158584075,3.2620032725335313,3.6444489892734007,2.3225487393458537,1.9860189036021372,2.7887827938944607,2.2583022909189747,-0.008161482421356345,1.5554353958861045,2.4848561985746977,2.6122336805715207,1.5483384670744182,1.1626698918081397,2.2583022909189747
76,29049288,MORUYA RIVER,2.2415988988770996,3.662690585162894,3.354543562173529,3.0924959492683404,2.1021440097539092,3.3367573734277873,3.4324826290181445,0.7362875635105268,2.0083470946375344,2.051584616114268,2.4575823007266213,1.7348161959344928,0.6645975585113626,2.2415988988770996
116,70411053,COLLIE-PRESTON RIVERS,2.571774514831302,2.2243850208160243,2.619605502009927,1.7850140922025182,1.9598714902986532,2.2359487796989304,3.183126005378928,2.652555352793897,1.8877014302515487,2.3732189534073247,1.3896760524997391,1.7976450452245414,1.5430245375109608,2.2243850208160243
72,29049284,SYDNEY COAST-GEORGES RIVER,2.437871450121633,3.290679619253342,3.441824398988479,2.3937129286436467,1.7290557726034284,2.6065596234517403,1.8610019058408198,0.09890578430723083,1.909235249353143,2.8748295093984173,2.216057895040522,1.927191607490024,0.5429683908879726,2.216057895040522
164,115685877,DIAMANTINA-GEORGINA RIVERS,2.6107151619522835,2.1866574636112324,3.012150751042614,1.8808989327072525,2.250065732148298,2.1578887683615187,2.541980146808519,2.215097828784703,2.7469747740659924,2.5813077571611105,1.919671258889071,2.1639867709319978,2.100769238525929,2.215097828784703
118,70411055,SWAN COAST-AVON RIVER,2.5514144600811384,2.2150277308989526,2.58108111339126,2.016910651762061,1.9402859566130028,2.448355717020121,2.864142607275704,2.541214407717885,2.077018649903288,2.345424076204867,1.3958880198249883,2.0227264718812505,1.3798495304930443,2.2150277308989526
128,80908400,GREENOUGH RIVER,2.7423257983930687,2.4356751988166576,2.8391222519042714,1.932010810285772,1.7821261955086982,2.6933459052481763,2.6456451434694763,2.1978497203771874,2.0188009177311117,2.7361331677153116,1.2701812148262719,1.9402004348933997,1.5493937216040903,2.1978497203771874
77,29049289,TUROSS RIVER,2.0646751683330353,3.188468426882957,3.0520208888790674,2.4478268096806985,1.9934064044200341,3.1436797404360566,3.0857915795381734,0.6981979019540883,1.6459910369043054,2.1912905654578236,2.8203158325813074,1.7875735363767624,0.7688945430491612,2.1912905654578236
23,16644840,JOHNSTONE RIVER,2.6210633914262114,2.208969235210759,3.245507853476131,2.1779783845091694,1.5952712307805974,2.5255968947481873,2.7026882305249162,1.5375159719566378,2.1909541113247837,2.966861887767564,1.3822701358836347,1.5560884134510202,1.3660052500102822,2.1909541113247837
106,50286882,TORRENS RIVER,2.1065484197290996,2.5027794689102607,2.291134768849875,2.3343094183040645,1.7018767228098846,2.7876001095116187,2.4135979554279463,2.1856070923754034,1.8651473277152129,1.7100942872309126,1.2206767923515467,2.713262691336535,1.5341541511677836,2.1856070923754034
173,120767328,ROPER RIVER,1.898963772013202,2.6330644841011956,2.3763813892292838,1.6826666599001225,1.7636429174802233,2.18523454116842,2.505490255032852,2.1858449013879704,2.812344065290636,2.662107921694789,1.7545305086440004,1.8553798347487873,1.5903855570497727,2.18523454116842
190,129999998,COOPER CREEK-BULLOO RIVER,2.6535532679873026,2.069517715289532,3.0443982559417795,2.0107307637168366,1.9228260338620562,2.2537218303684092,2.3198770685196233,2.0602670447297258,2.443102469591922,2.656413837917158,1.8919010925091575,2.182568505748444,1.9117919338448583,2.182568505748444
107,50286883,GAWLER RIVER,2.0926970636862916,2.183163521507487,2.6221698284267294,2.2316192216993884,1.4801261155645562,2.558434624017193,2.3446287118781193,2.1818326400383716,1.8618555156203174,1.8814749588034299,1.1964882115696676,2.880504927589815,1.4936912344782167,2.1818326400383716
170,120767325,NICHOLSON-LEICHHARDT RIVERS,2.176950919963714,2.4633634403434956,3.01994233201244,1.7573557635137387,1.5677971101851387,2.2341442924429096,2.717214487865092,1.8082466090593088,3.1339873057984176,2.9249715368219134,1.282380826020107,1.8844153224913345,1.1501958007337485,2.176950919963714
46,21551930,EAST GIPPSLAND,2.919055450265691,3.1517975080156444,3.727807493959641,3.252538429718778,1.8844130744282295,3.7912485271180127,3.6621901558697343,1.0756591732928584,2.076209652132045,2.169273324865394,1.9375453275848407,2.099312747381395,0.3890234856461643,2.169273324865394
163,102206401,ORD-PENTECOST RIVERS,2.3191429344969308,2.357020661688434,2.5002107337664543,1.9403990649427658,1.8977726913070005,2.164582040295042,2.5604885613156325,2.1110672487626694,2.8713127440803348,2.840126934796706,1.8724401655477654,1.795868550597425,1.3480164580852907,2.164582040295042
78,29049290,BEGA RIVER,2.1044045588541502,2.4214721458511064,2.8458421122571314,2.3202027064566546,2.0297809504556006,3.0230196707625177,2.8695385028803626,0.48529730093134865,1.9533745383304437,2.1569041076669833,2.4634081838853703,1.8676525901218404,0.5185252144869805,2.1569041076669833
80,31286311,FLINDERS-CAPE BARREN ISLANDS,2.4121117436105233,2.493331301164552,2.153382298999593,2.4795379225112795,1.680987981672043,3.9503918875442974,2.164612428091783,0.7089467231272313,2.171635271023652,1.6847288156070355,0.7578670709308781,1.290862110927881,0.5456794567396132,2.153382298999593
114,70411051,ESPERANCE COAST,2.62166840453547,2.0096373078657406,2.1505003369509623,1.7360647947268126,1.888827777818278,2.4941477593025403,2.9279088426973883,2.803899362743938,2.289173781065323,2.182252303636386,1.5112832157520533,1.6464339885661132,1.3054215579330972,2.1505003369509623
144,102206382,DALY RIVER,2.142307982781146,2.4888394636820825,2.503442978783505,1.5638188765649794,1.6767986233525034,2.388388077909727,2.468674685661237,2.0734632741759347,2.478093501683978,2.388497633168606,1.6137328600120577,1.8302915649632951,1.285388601573586,2.142307982781146
69,26960636,KARUAH RIVER,2.466472717828811,2.7475574610394413,3.388961147669568,2.469264231887864,1.8700760481192005,1.982850237004992,2.139712491063909,0.5069803498133078,2.336547692188511,2.135558711177499,1.5138660239582726,2.243075893803672,0.1745426358970926,2.139712491063909
58,21551942,GLENELG RIVER,2.2889345601388156,2.2568097952390147,2.8193747083577407,2.9311423240421006,1.3448627568862919,2.2600021551468465,2.4134897814467564,1.9745576811362457,1.6698189453593442,1.3577166641975211,1.3409927695051629,2.134414642023088,0.8313100980082347,2.134414642023088
48,21551932,MITCHELL-THOMSON RIVERS,2.754560086830384,3.001022664135421,3.0968439044677045,3.0860874042220803,1.6541249649779957,3.345700305169151,3.260125676139616,1.4331443046912336,2.1330982766942834,1.6505891153400072,0.9396602742178521,2.0153263797578997,0.49259174940972683,2.1330982766942834
151,102206389,SOUTH ALLIGATOR RIVER,2.0522214650318356,2.1312218531910925,2.3654530379413075,1.6069129641576503,1.7806887080683487,2.166265640256057,2.4077807338135506,2.291269585540507,2.36960252616049,2.280707556911093,1.6654476819927757,1.7635257682945873,1.5142624760252599,2.1312218531910925
16,12117867,BRISBANE RIVER,1.884810234892498,2.801179020044721,3.6289950201952803,2.1306443050232207,1.0591213992760449,2.3653425398725676,2.6258352380472663,1.1891721369136208,3.2583380711653307,2.543163049393823,0.9970951700846761,1.294654451678771,0.6582536943670392,2.1306443050232207
18,12117869,LOGAN-ALBERT RIVERS,1.8237734425480272,2.795724958628269,3.4350318293891258,2.236619495954307,0.972442368797468,2.1293219205617073,2.4377216152585737,0.9384354357136082,2.8364404537307646,2.290572519122357,0.6718925778817273,0.7532143629944505,1.1179817077238057,2.1293219205617073
79,29049291,TOWAMBA RIVER,2.149602567055822,2.287021723996,3.034674812155062,1.9986000699625979,1.8110101649750023,3.2467888507360523,2.6630931986730393,0.49435485340156854,1.634494477535134,2.3965841344846965,2.1233750150959585,1.7073640248631428,0.31622413933351484,2.1233750150959585
110,50286886,LAKE TORRENS-MAMBRAY COAST,2.4049353917292424,2.0133481287860344,2.8316925383568496,1.9728583566278024,1.7187820339538196,2.5853039690090838,2.7482938709821956,1.9642544992160922,2.117697311617097,2.681955496286856,2.094762182640601,3.227597012455416,2.0492856022669876,2.117697311617097
3,12117854,FITZROY RIVER (QLD),2.153650168958982,2.447653164520281,3.1968208793024107,1.9573303263232975,1.3766338010339605,2.116962879789716,2.6409078252698883,1.6989501180284674,2.241616348059275,2.235900188435448,1.394349560551746,1.496996110784087,1.2657300450680515,2.116962879789716
70,29049282,MACQUARIE-TUGGERAH LAKES,2.8117480485227553,2.910330090448228,3.4630049933082674,2.516762492026417,2.115205163440842,2.5884093586792,1.837185832450298,-0.24601259537254613,1.973777611415012,2.3044494586613804,1.7531121355513626,1.9125759752753961,0.33840977903854474,2.115205163440842
108,50286884,WAKEFIELD RIVER,2.0909827252655573,2.155194043365868,2.6820741155152357,2.1121318148924053,1.497310863827732,2.4767942709865984,2.267819923962525,1.9672286934805006,2.0318131060823132,2.3130001899878727,1.3370738786162597,3.088324222119764,1.5127714914549621,2.1121318148924053
158,102206396,LENNARD RIVER,2.1096706434819112,2.304068063480039,2.630696918155901,1.832652489486989,1.8038145398086902,1.8132418282907008,2.5107512714713027,2.054220966249053,2.4984324533218163,2.1301017616699403,2.2119864598913237,1.8493195037069257,1.5164125032131641,2.1096706434819112
109,50286885,BROUGHTON RIVER,1.9554310877954553,2.1980623338570684,2.4614895504066814,2.1578406855552084,1.4991136648382135,2.5900452910578586,2.3418797354944303,2.0131158969207648,1.8740834994607907,2.102712035395311,1.493801734287431,3.035970278546311,1.5217834410785365,2.102712035395311
174,120767329,TOWNS RIVER,2.113556034345522,2.8683319102082594,2.486003567325142,1.7064021426325122,1.6689990427419577,2.099444701937262,2.4953363058866365,1.9467568030130409,2.756925854966565,2.437208108026002,1.1639270814037883,1.7051940552323703,1.4464054891276243,2.099444701937262
105,50286881,ONKAPARINGA RIVER,2.0896174592721546,2.388569646209438,2.0931616227070906,2.3364542345183947,1.5552233853747766,2.671222418489635,2.5137641295649473,2.3376848111978643,1.8079826087469757,1.4400608142093259,1.31743003119585,2.71184287784551,1.4115945260541574,2.0931616227070906
148,102206386,MARY RIVER (NT),2.2683832114065794,2.0834853566765306,2.3316471339899083,1.5956023853688572,1.7804650798787918,2.091330418403369,2.6503082009020815,2.230912182896208,2.235500893913842,2.381571708616237,1.692400119031461,1.6479599551141193,1.5948390873653369,2.091330418403369
175,120767330,LIMMEN BIGHT RIVER,2.1297532714270124,2.8732659336558837,2.5686687544040856,1.6038899486927403,1.5717486005334493,2.0893759932725953,2.578713526769613,1.9576997038518817,3.0755502376589052,2.644763981787597,1.1633810937748696,1.528568708326671,1.2145586998295748,2.0893759932725953
140,102206378,KEEP RIVER,2.2328988118270154,2.3464865992918695,2.5090973206311484,1.9492680884103006,1.602423838255109,2.087265255936773,2.4108725573908463,1.7881710104056696,2.7689016937459323,2.540617026745645,1.6174956047676945,1.8629167274856009,1.406559768004173,2.087265255936773
125,70411062,WARREN RIVER,2.673747293798859,2.072340288626937,2.4341959813668455,1.633621673298084,1.8792906200708215,2.041296560193861,3.2600834461914716,2.965576232416035,2.1515265418083835,2.789559013831217,1.8293821083192567,1.705969737461823,1.8958109076877392,2.072340288626937
127,70411064,BLACKWOOD RIVER,2.444063130165786,1.977429555537489,2.4331383049909983,1.6311941547324693,1.6982240099921473,2.270085176413547,2.8744140171907366,2.709777526933045,2.1222077752707666,2.065835040320064,1.6985276375507483,1.8543684049406854,1.6562804719590352,2.065835040320064
181,122847018,FLINDERS-NORMAN RIVERS,2.1545968903569164,2.383599545252695,2.5841893732239667,1.7607907390449848,1.4708682974268688,2.06210573701204,2.559633901575755,1.8421621870523577,2.630865322666291,2.434770221796672,1.3213546743830829,1.884310624019319,1.326952061794598,2.06210573701204
104,50286880,MYPONGA RIVER,2.0606403933234603,2.0757648259206336,1.5261106219707021,2.379126718964404,1.3450090502975043,2.245321426205119,2.6780399754829416,2.491455045159209,1.6556954504114265,1.0411124697079877,1.3255152259832317,2.7170499467449587,1.2461550929052667,2.0606403933234603
54,21551938,BARWON RIVER-LAKE CORANGAMITE,2.1883891356871765,2.055553111081214,2.9406447079646467,2.2141036191547006,1.4495977346623425,2.841043348923762,2.7430463584391065,2.2166316102467,1.438277685220327,1.4052516265862907,0.2667570719401764,1.8235193209940046,0.40459198173559424,2.055553111081214
32,16644849,BURDEKIN RIVER,2.3319337816563115,2.7145054409959406,3.005550621375456,1.943985720021268,1.3206305531132747,2.138740049626645,2.758039220970401,1.8294050282606804,2.0537679581463677,2.34085873313925,1.5607498655295835,1.3076597362868392,1.287861626205964,2.0537679581463677
63,26960630,RICHMOND RIVER,1.9161095540201571,2.874739611919496,3.5125861581130398,2.2897852947741786,1.2511481476282167,2.0531942288218734,2.360663196119248,0.7818265948997669,2.979727039051763,2.5099846388369134,1.1861348150877205,0.7900085049203912,0.9286378393009236,2.0531942288218734
59,21551943,MILLICENT COAST,2.051381314252697,2.038874727417949,2.5381119765542968,2.5218038252026287,1.1880650266936468,2.4064091193594974,2.372188837489051,2.093623778976472,1.785983577847424,1.6157893185126007,1.4376110332228114,2.187486135748115,1.17287930430226,2.051381314252697
22,16644839,MULGRAVE-RUSSELL RIVERS,2.2816037081101816,1.9650814345881895,3.315022631034098,2.181569582222887,1.450362838342303,2.509278779723534,2.661012529633584,1.3554769107798177,2.0497949270079765,3.031637851563987,1.3642714324672967,1.4496665824386543,1.5783029853206874,2.0497949270079765
56,21551940,HOPKINS RIVER,2.0845529091309887,2.0425512407668887,2.720272922367297,2.6377471177204774,1.4153772297183467,2.521748429330263,2.6165817450977267,2.17059182674595,1.6273783079901645,1.4744391535554178,0.8153979415479404,1.925376222772363,0.7341312905604248,2.0425512407668887
122,70411059,KENT RIVER,2.8153256253021475,2.037405638031704,2.7649669651056503,1.7282340711154178,1.6184375964108215,1.8515730999294662,2.8551765647796845,3.0835259245593396,2.0826974191317515,2.57917359521753,1.6734587238388878,1.9785615059043602,1.8800013926816412,2.037405638031704
57,21551941,PORTLAND COAST,2.199770480795491,2.1897385405132495,3.25586454406328,3.1991751985113384,1.4548650017296032,2.03546552384126,2.4794576338287233,1.7132780794032487,1.0946757893622419,1.4530758237782406,1.6864805973323744,2.102830620080347,0.8130653086295131,2.03546552384126
94,31286325,HUON RIVER,2.0793261859527457,1.4145500671486424,3.121099258611107,2.033947164277348,2.2192801254699046,2.039995805779139,1.825851936821088,1.4232550756992937,2.3318458074937274,1.2684709370403988,0.7516404715152512,2.102032681352433,1.6493371954998248,2.033947164277348
96,31286327,GORDON RIVER,2.3043116009864275,0.9758734815236515,2.8135182352625256,1.9890536699082537,2.266730619346646,2.1490072592424476,2.236219118478326,1.397526329525575,2.028561770683237,1.6388843018602797,1.374585267857143,2.319948190113144,1.6634573902063448,2.028561770683237
102,50286878,EYRE PENINSULA,2.0055408429049697,2.2305574983146297,2.0192771554188416,2.312482821778087,1.9010555005381502,2.7452912374861502,2.185279051714785,2.238211013452741,1.4112809557045232,1.5186104989168026,1.8217966292779633,2.6925502453219563,1.5261200425919386,2.0192771554188416
117,70411054,MURRAY RIVER (WA),2.5828209487877065,2.454866688515855,2.5501442280516082,1.8197698415389159,1.7600294299433368,2.260857349361003,2.8875535325763027,2.8061985535683416,2.0120429201664076,2.0191433318237837,1.5532391422108582,1.9110807141993487,1.4740820202640141,2.0191433318237837
143,102206381,MOYLE RIVER,2.176953419924666,2.285510131105709,2.350138519795009,1.6500208327715291,1.707572285158902,2.0181705421686016,2.268732857240133,2.017186363662005,2.540830227817841,2.3354478871271453,1.919579210864859,1.4088633914414896,1.303504177586702,2.0181705421686016
95,31286326,SOUTH-WEST COAST,2.336095022931819,1.2588219368269657,2.7365563966424222,2.2228680998555683,2.0161581050715456,2.5363996312170993,1.9844686894400916,1.4815027449100973,2.0117933689039793,1.5411456141395452,0.9249501437053045,2.41236986924347,1.2666936850117934,2.0117933689039793
179,120767334,CALVERT RIVER,2.092515862628743,2.559069258642327,3.1622958912466044,1.60449764736158,1.6407889558102777,2.007977623533646,2.811779243378215,1.5808405206188212,3.52438416597365,3.096936319449756,0.9342707469580833,1.353725707738289,1.1167001754515944,2.007977623533646
9,12117860,BURNETT RIVER,1.8565178959539448,2.390526280416896,3.271430193116725,1.9998776321184388,1.54908034205526,2.0864353315996804,2.700657009957733,1.507546446973774,2.8047330879102734,2.5748796215465988,1.012734339619786,1.3887505324640428,1.1076863673648927,1.9998776321184388
121,70411058,DENMARK RIVER,2.992848517108321,1.9677647251851362,2.581816199210841,1.8096652027996467,1.402544465763916,1.8844687580379351,2.9040429012479363,2.940866028141018,1.9920478251003033,2.506602922797077,2.031563587225814,1.9933793392925956,1.6752813254241103,1.9933793392925956
178,120767333,ROBINSON RIVER,2.069357850471058,2.708057102503566,3.018956463599168,1.5960318456272724,1.664065441187931,1.9899844268800309,2.626173300259324,1.622877110412184,3.5432979917329837,3.0385814985877078,0.8674789660584845,1.3651523945965942,1.1842975490629668,1.9899844268800309
177,120767332,McARTHUR RIVER,2.1092813375275097,2.7136305322729717,2.7250676048399893,1.5314118146559128,1.5129481933798516,1.8613170964579624,2.6260234536405673,1.9864150831160492,3.519312096797217,3.0483983616818047,0.9381343846175727,1.4288096182154697,1.0233858329046128,1.9864150831160492
51,21551935,YARRA RIVER,2.5667982784521666,2.7382460446679824,3.2907397664609226,2.2704141869476455,1.8455151194303518,3.1938489990411365,3.34572813541911,1.9555638114889675,1.977291791286713,1.7786834119675787,0.3082533897108254,1.6130100396100464,0.6424890364971938,1.977291791286713
161,102206399,KING EDWARD RIVER,2.183806029064894,2.2824273337526044,2.11948393221547,1.9208535563905969,1.8692226335636157,1.9496804140478805,2.1762369883563304,1.278387759873469,2.428300986163157,2.0806938072481125,1.9757370185402454,1.5368083740869136,1.5716091827141905,1.9757370185402454
147,102206385,ADELAIDE RIVER,2.176380416597061,1.9676072677698577,2.0585010290715435,1.552905452748126,1.8844291501980035,1.9557572516363697,2.717308905698429,2.1309726467286785,2.153274117680995,2.365043599410216,1.6201664315136601,1.546130850522409,1.6517015507382538,1.9676072677698577
100,50286876,FLEURIEU PENINSULA,1.9624185636092641,2.0395023629511093,1.6841608421254333,2.499490950977726,1.2786451848071,2.516027516743914,2.3644508465273453,2.6736180356987846,1.707097646068711,1.210502998480924,1.4304474021470988,2.646059733051072,1.1536301298557388,1.9624185636092641
123,70411060,FRANKLAND-DEEP RIVERS,2.6673397366797196,1.9197724067718425,2.569516970938665,1.7385151625728923,1.6165258518551593,1.955914869916611,2.8933780862422154,3.0434911801803217,2.1561289747140813,2.3709427306394373,1.808796126090067,1.9604241781363332,1.891072609834398,1.9604241781363332
92,31286323,DERWENT RIVER,2.155395292659486,1.46399818672143,3.0945212700685887,1.7998110369971212,1.9590673434633972,2.0459677774131686,2.0345116514638493,1.4246838799951103,2.107052901932558,1.41365343215773,1.3898757798360244,2.3226639442355133,1.2505515058277035,1.9590673434633972
50,21551934,BUNYIP RIVER,2.4333432913432618,2.8591768207309665,3.0768415517652863,2.342794800320136,1.9585551820046827,3.3257770210851225,3.193880873950855,1.7153326595689655,1.6345990991859762,1.4811314825689255,0.3861658459038002,1.43135697186714,0.23136329953280074,1.9585551820046827
124,70411061,SHANNON RIVER,2.3894900545223376,1.8785539174583197,3.0047481928099775,1.3993554753618844,1.954825895750187,1.8959181692562868,2.2962731887354213,2.3569717596688027,2.268257749755074,2.963306455301872,1.2219415133989084,1.4603801405277796,1.2569548094715275,1.954825895750187
162,102206400,DRYSDALE RIVER,1.9546460146849518,2.3734039153430513,2.412626616592928,1.831839097489662,1.6897105744431413,2.086143038794514,2.4536597211754656,1.38023148471079,2.667223667342019,2.265459210692154,1.9289325616454742,1.8121607784187632,1.4966702131438674,1.9546460146849518
27,16644844,HERBERT RIVER,1.9442992840152473,2.3791753312502104,2.9111153919480346,1.5874250525116513,1.3850006097984402,2.3600302684442718,2.575018619668562,1.4928712176154801,2.4387960997467952,2.4501608740871665,1.3267024111332837,1.6450094380834934,1.1352051315712697,1.9442992840152473
60,26960627,TWEED RIVER,1.881155529412831,2.7727860896320538,3.4462608997579376,2.258703114504629,0.9033681621758575,1.9383648053899416,2.3190176489094,1.0588108026863876,2.5661572235732444,2.2289316457801016,1.1733190819730157,0.8455531320024268,1.3353067649325905,1.9383648053899416
43,16644860,DAINTREE RIVER,2.022452329480865,2.176792928059295,3.0331735324385516,1.802546869673815,1.4948805171778332,1.932376648885931,2.7165373132692516,1.4508592994572391,2.1133446140998817,2.669824816087382,1.2964066390977773,1.6200508381714733,1.368977576756487,1.932376648885931
154,102206392,LIVERPOOL RIVER,1.6656040869909863,2.3751320281359396,2.22772821734842,1.9279916222297444,1.6246551249388737,2.1148015242479894,2.1375670958634427,1.8840014275023662,2.2602312730091785,2.1177744004523045,1.618978311214581,1.6874721359092812,1.590339084524809,1.9279916222297444
159,102206397,ISDELL RIVER,1.987996362458667,2.3243693828976832,2.3733775929656273,1.7294311256143806,1.8095001814190308,1.6319378437233936,2.5860771986560795,1.677901273282531,2.439675807566718,1.9559110276019758,1.9228984040742716,1.761751909686411,1.7453650390860942,1.9228984040742716
145,102206383,FINNISS RIVER,1.975927849894397,1.9569451958465067,1.9201637629143358,1.6124216070058817,1.7096154239068537,1.8425391995037543,2.445130480108539,2.182744465742779,2.315671775565741,2.3236910686460948,1.799096043910691,1.6976366902179865,1.6535406697131871,1.9201637629143358
180,122847017,MORNING INLET,1.6426994401073138,2.5734037447895837,2.2826153939996363,1.4223783718495506,1.2776082853715778,2.081823369620989,2.424864510373588,1.5381327529368565,2.542172769237618,2.679689043170898,0.6542170430871377,1.9172102449661523,1.2724804242689975,1.9172102449661523
149,102206387,WILDMAN RIVER,2.0322299872203624,1.7582576095047338,2.1308671902184053,1.6595049212315856,1.620466613416106,1.9122628418462924,2.4530864151791394,2.230507787943873,2.245427408479281,2.390615708405112,1.7688633065441461,1.464767538649158,1.5794678017537451,1.9122628418462924
155,102206393,BLYTH RIVER,1.5638354560548664,2.455816145860609,2.3024998524455085,1.911678055093255,1.5980699464386203,2.056710942296867,2.1983857528284383,1.8162269405296703,2.527430315519852,1.9980263279284316,1.4473003655807133,1.7600633195664788,1.5656079549488482,1.911678055093255
19,12117870,SOUTH COAST,1.9086336632417729,2.5485187047316677,3.166609758718439,2.1309275993363896,0.684376830511382,1.7813104205435617,2.243804985867511,0.8975797684918981,1.9764056304431996,2.053262011211014,0.805984840476306,0.7017027990076409,1.2362163742296188,1.9086336632417729
86,31286317,MERSEY RIVER,2.256828887653618,1.6161535107993532,2.5457834701649995,2.223741587021535,1.9576733321150968,2.718208536151867,2.1039993824013474,1.6905910971249853,1.6336852653156926,1.5231961929262055,1.8096663896939504,1.9052827930199163,1.297052472081077,1.9052827930199163
15,12117866,PINE RIVER,1.7197271861008685,2.790841186553356,2.8218108405782143,1.9015767028392103,0.723434941961178,2.0822550281715544,2.321382668330811,0.993903021717495,2.7420102655648178,2.1791856481368383,1.0527282487310017,0.7135242340359162,0.7212035851672066,1.9015767028392103
176,120767331,ROSIE RIVER,1.9672268590974102,2.5791478319414334,2.7546729347879064,1.5738332844915137,1.6220184700275513,1.7798442092577456,2.3547117710782435,1.9009513968704854,3.2365183501905768,2.911034975657246,0.881593692693034,1.600475198088749,1.3068307633868108,1.9009513968704854
160,102206398,PRINCE REGENT RIVER,1.9227705527409251,2.440812516553661,2.078103034882538,1.6825873733633305,1.835949571251557,1.7292010921108005,2.284657924920874,1.2006325731958614,2.448312874352271,2.010087577884905,1.8979097950139991,1.463693745839997,1.7757110668273919,1.8979097950139991
73,29049285,WOLLONGONG COAST,1.897027796319526,2.991892809342362,3.4357905379840936,2.4695104746712757,1.5901693162070862,2.6335146425933904,1.5962061250875956,-0.4471905163940922,1.6830339977745976,2.6289563399355798,2.4501996012286296,1.5703993510384402,1.1934805982003873,1.897027796319526
89,31286320,PIPER-RINGAROOMA RIVERS,2.4731714647193512,1.898693639676311,3.0024817032657625,2.3687401104559958,1.639065340444425,3.4520377062001613,2.354435870210172,1.1859931667173946,1.8289625421872777,1.6200005307903755,1.6812238886646946,1.8945073080993062,1.2312751816142742,1.8945073080993062
152,102206390,EAST ALLIGATOR RIVER,1.6356277306663192,1.8795840388770622,2.104274745805338,1.7117303468830218,1.5195765789320164,2.023355880601353,2.201238960598285,1.9154305617478715,2.1350953190600697,2.062336661563912,1.8927122646328003,1.7085599711507775,1.378644029516278,1.8927122646328003
41,16644858,JEANNIE RIVER,1.466774007238395,2.2413246835558374,2.925421243330622,1.886304825555812,1.191210344148698,1.6181946853327989,2.709895899155837,1.8943459233141853,1.9914478148756694,2.092966583473772,1.334165857776742,1.1953339285837004,1.0588939338714005,1.886304825555812
156,102206394,GOYDER RIVER,1.6498554923973754,2.5446599685825277,2.326188033608741,1.8036728902899095,1.6039787518602362,2.0670177938284375,2.41090137152666,1.884644045520573,2.4691513241344323,1.9365421496713677,1.4935405921765819,1.6853184846783933,1.4761372706181237,1.884644045520573
87,31286318,RUBICON RIVER,2.608799052140631,1.8899247222532267,2.9778586249162253,2.142413278799697,1.8756322393078608,2.8506014884637763,2.1948361289786513,1.2744687825473178,1.3895695714185092,1.635349093026648,1.6389946046756008,1.8560450446187524,0.8557589556215522,1.8756322393078608
171,120767326,WALKER RIVER,1.665706267965322,2.4895037244257563,2.3948380630560444,1.7699338322465632,1.7305347326080645,1.8509412342620422,2.275646706092408,1.9541663809838263,2.4761525551364536,2.2180771309638803,1.2668563807150601,1.8721327716548066,1.5247401009854238,1.8721327716548066
42,16644859,ENDEAVOUR RIVER,1.870835809323971,2.349931356575642,2.9706070616001905,1.8934938197950468,1.3402902792583278,1.5586596879490968,2.7716070918066547,1.3078542017848485,1.9755386419016265,2.2717838171673113,1.005111679326387,1.1403515410996397,0.938067441637887,1.870835809323971
97,31286328,KING-HENTY RIVERS,2.5135254611825903,0.9361302653090111,2.8810865629172335,1.8693654534993396,2.2123774322641214,2.470756456531032,2.44594872775839,1.1057617211618316,1.7850046426106334,1.389330347735175,1.038285985575292,2.152384739360224,1.6918767471158163,1.8693654534993396
25,16644842,CARDWELL COAST,2.6585055335771366,1.869066916347137,3.507250953036065,1.7186452416754119,1.4533034530049485,3.1205481346825596,2.386379341826083,1.167443154962369,2.6180783270758927,3.075579456183981,1.1951777592575188,1.4363103677961078,1.272098398083135,1.869066916347137
85,31286316,FORTH RIVER,2.1144467674570184,1.4746322970636425,2.3459344328638023,2.0979450919906624,1.9313223113703686,2.5535992960507916,1.9459353967735147,1.6912445774140112,1.6418586588161517,1.499446885817986,1.8145291699382948,1.8631391636016768,1.5193729659355601,1.8631391636016768
44,16644861,MOSSMAN RIVER,1.862320760799145,2.0870823532403198,2.9584679829925804,1.6530382762826112,1.4525649264377103,2.0030061473562766,2.4356744130658443,1.2470134454630672,1.901676665590907,2.7134268573863505,1.3316004296051536,1.5687294370500435,1.6952504388849834,1.862320760799145
120,70411057,ALBANY COAST,2.399441514820102,1.9841118332739465,2.1508733984820076,1.7927946052725474,1.2820590936786445,1.602370137164264,2.354515559912606,2.458940038606364,2.1614922322715535,1.8510375406485728,1.815364507574771,1.8510178338972663,1.3683676871932733,1.8510375406485728
81,31286312,PIEMAN RIVER,2.447929475435348,1.1906312800895453,2.6557551137514888,2.0023327872923753,2.1844201837650488,2.422805509310844,2.080511530145463,1.5042743193154031,1.7634006068987842,1.4498164466514674,1.3392213496644976,1.8400988214154732,1.7712947310366076,1.8400988214154732
168,120767323,SETTLEMENT CREEK,1.835968883928,2.30103241607478,3.1149569540630395,1.7506920535634165,1.5896873212480445,2.0066672178663105,2.847977098081679,1.7183257278305792,3.135670597244514,2.91965607994037,0.8022961952525605,1.4594863301114742,1.1360877058631194,1.835968883928
103,50286879,KANGAROO ISLAND,1.7034231757005787,2.075883128809744,1.8329186906404393,2.314880107431888,1.4112115879342473,2.512149791898965,2.1481119937985906,2.324780809726502,1.5822841625995303,1.4514040505901733,1.374413505461352,2.3164717775760186,1.2569071231876148,1.8329186906404393
21,16644838,BARRON RIVER,1.7527716552657466,2.353062729917815,2.8100988689998374,1.8309390207116765,1.184745871318203,2.0581133429783454,2.7583434045869084,1.3162388969358456,2.2924934846806164,2.235107111969632,1.1075954317095495,1.6711910264471326,1.4334146479711212,1.8309390207116765
52,21551936,WERRIBEE RIVER,2.34740734115643,2.181662307678416,2.737998740024855,1.8292803812666079,1.1659227317283265,3.0110762638463666,3.075818051422789,2.2433983281826064,1.505336760957943,1.6156095549277516,0.1376689211217866,1.5934147898547883,0.6772067189728822,1.8292803812666079
38,16644855,LOCKHART RIVER,1.1207442176035218,2.122486432082355,1.9945361687194623,1.8931270063261783,1.0950653314254808,1.4901492121282363,2.1192862868531863,1.546956787321775,2.29537903292426,2.1410238787841593,1.3273871068935947,1.8207991611600274,1.2168316383901263,1.8207991611600274
166,119999998,MITCHELL-COLEMAN RIVERS (QLD),1.839752133021612,2.1849328702689745,2.1750038794046582,1.5357505208392153,1.4739531551441052,1.8511834091586037,2.4136185633108815,1.6189089790445712,1.8189081517534187,2.106082754240821,1.5000482793727397,1.6005163302847971,1.4792313887176687,1.8189081517534187
84,31286315,SMITHTON-BURNIE COAST,2.4178980169479214,1.8179397370491805,2.395092369795184,2.2642336405463555,1.9470090918909917,3.0382676140010005,2.120554482845129,1.5634210998600764,1.593044155137867,1.282036016289236,1.7332756891255612,1.6839277581378822,1.272190741686587,1.8179397370491805
53,21551937,LITTLE RIVER,2.5012605749215377,2.162513118859778,2.655563623408878,1.801468451680118,1.128310370000481,2.8326727393660422,3.078605928271011,2.2703087037556355,1.2976885244986278,1.604913794080277,0.046447210237908904,1.7443587964390979,0.681875560503249,1.801468451680118
11,12117862,MARY RIVER (QLD),1.5044029272536725,2.5711823510011147,3.0233288233704414,1.7999505883368063,1.4972723056720467,1.947602480962501,2.407620827381295,0.973136399542453,2.6229017896333175,1.995787620174201,1.0123477604655466,1.0890452269449127,0.898239240713379,1.7999505883368063
26,16644843,HINCHINBROOK ISLAND,2.3019561767578125,1.796875,3.1304664611816406,1.82421875,1.3265609741210938,3.163280487060547,1.7490119934082031,1.3187484741210938,2.48046875,3.38671875,1.1554679870605469,1.65625,1.2062492370605469,1.796875
153,102206391,GOOMADEER RIVER,1.5702865907378862,2.1767807982733274,2.0063402373887373,1.750475702695067,1.3368912979824243,1.9359741675233089,2.0593935477486154,1.7940862376797284,2.28046437452384,1.9593056704643164,1.6060345316812465,1.5630535417523008,1.4788526035212508,1.7940862376797284
167,120767322,KOOLATONG RIVER,1.5681690589676387,2.423161656285206,2.393481586995925,1.7152115195983944,1.6336590221358671,1.7761578412579426,2.30444877626594,1.8587550479678718,2.566218639807159,2.062546108729531,1.1989902783728108,1.7839205466187233,1.451956931811272,1.7839205466187233
88,31286319,TAMAR RIVER,2.539713548243738,1.6150374216847603,2.951534312813994,2.3564820466898815,1.7338325103425074,2.966086922475946,2.2272079825645625,1.3482814683114581,1.7774790090678976,1.4051500431149433,1.8197889553394824,1.7005804861624685,0.7444066974814959,1.7774790090678976
146,102206384,BATHURST-MELVILLE ISLANDS,1.7375017187494095,1.7706007935481884,1.9519272342127603,1.6699971466042727,1.5785861184039565,1.7935565755891911,2.0055367246586435,1.9977393593775206,2.1391898212214,1.9180411400248394,1.6496479523056005,1.5756986102328243,1.5811311320176495,1.7706007935481884
62,26960629,BRUNSWICK RIVER,1.7705399414474616,2.4659300092021272,3.2345913737883722,2.2714328772829036,0.7034662674781613,1.8697725834363184,2.1915854474173755,0.9664232086833139,1.6930579258242349,2.4080357951100764,1.401392689942028,0.6040604705624507,1.577199651983985,1.7705399414474616
83,31286314,ARTHUR RIVER,2.3552876961344755,1.706143538466266,2.6068341866728417,2.1722282042385164,2.2494711045626676,2.745197878943574,1.9158189045307157,1.7586525671842328,1.599928464764024,1.371882477994188,1.4771271122489182,1.6062381603775737,1.7314693999140989,1.7586525671842328
82,31286313,SANDY CAPE COAST,2.798763878670649,1.063650539074994,2.649127459036634,1.6936572410156197,2.1987737575477557,2.649981933841622,2.2681199377205514,1.3543899015609893,1.6899932838620428,1.8446153579922606,1.2789253713766873,1.7560773677463584,1.3740050385565932,1.7560773677463584
172,120767327,GROOTE EYLANDT,1.666303055933322,1.755849694445117,2.583173925318707,1.5764273282948367,1.660426857327925,1.5756725486484224,2.0372496596875456,1.9256351123879845,2.54839053328249,2.2568609252830205,1.070231647030516,1.8481395869369963,1.3565201803865745,1.755849694445117
157,102206395,BUCKINGHAM RIVER,1.5596482679967987,2.277979980218114,2.17168086562764,1.748733559706461,1.5009309094558994,1.8848979449287324,2.3179164089995,1.8405346008834174,2.3521891543313527,1.7443272366623201,1.225158835483692,1.6679037251474276,1.3458566386486404,1.748733559706461
55,21551939,OTWAY COAST,2.1128860691666866,1.9377783420398507,3.467933484329882,2.5215051812377594,1.6421580745564874,2.427663214239263,2.5956079196591477,1.7475677775653788,1.078424098353227,1.5514660578834523,0.791557935887099,1.4609464254054723,0.200921340871622,1.7475677775653788
49,21551933,SOUTH GIPPSLAND,2.441056072686399,2.481843210342117,2.6396077036410803,2.375148968724263,1.7439267688964724,3.5110226532748383,2.893273790880266,1.405894186625445,1.6052976903691367,1.1959301548826184,0.3300028430750635,1.441972824203517,0.0020243620090394385,1.7439267688964724
189,129256260,HOLROYD RIVER,1.5886998740826377,2.0006029885909538,1.990764943433071,1.4381168207815758,1.3933482602692109,1.94156019256199,1.9905618089497943,1.4005700539434234,1.7262439675853323,2.113650170517935,1.4908757574785194,1.853343683806526,1.576656607903496,1.7262439675853323
31,16644848,OLIVE-PASCOE RIVERS,1.0975753760577422,2.0358392746811833,1.8587152113794052,1.7240799875781125,1.346292966059213,1.5623721502394396,2.1766648575295795,1.5622392326860528,2.026170890230972,2.0376245992612487,1.172264769275727,1.9296280890736004,1.460072194272414,1.7240799875781125
90,31286321,EAST COAST,2.455654885922469,1.9005192536919113,3.1123002004743445,2.0820152211530383,1.6002040984658628,2.8542424323195106,2.349966807410543,0.7700030063982657,1.6556610753269627,1.4302313029723972,1.609611410660307,1.7234854105062016,0.5907511599626333,1.7234854105062016
169,120767324,MORNINGTON ISLAND,1.7217162232925485,2.297943956244678,1.8272807225755316,1.6234830134038871,1.1361765634407122,1.9259960509307803,2.222181185826902,1.5314168268712987,1.9761107556341355,2.3368324946689896,0.9620647148781981,1.112779789258153,0.9772552314584195,1.7217162232925485
185,129256256,WENLOCK RIVER,1.3254087653476503,1.8021422843249708,1.7602087454817932,1.5712095524704088,1.3627172796429952,1.7365259829688668,1.9411162732160012,1.4157495143641186,1.7111686571641138,2.0502974386022603,1.3886704593765162,1.8325660300091509,1.6669695371822524,1.7111686571641138
14,12117865,MAROOCHY RIVER,1.5106918312868722,2.8184656226710874,2.956516950384917,1.951396832002996,0.8903370930148493,1.7037856840134429,2.5042354997369562,0.7253718308357398,2.332327635871769,2.3555912362233755,1.104085331638911,0.9163027281800936,0.9367679060141741,1.7037856840134429
182,129256253,ARCHER-WATSON RIVERS,1.4007117259353485,1.9991567482925992,1.854594727493168,1.4131356702588223,1.3447073178754736,1.9186632214244572,1.908912404929801,1.4509534771869104,1.8010351144699668,2.109209445991882,1.4390374194417408,1.700949353981237,1.4710586063529043,1.700949353981237
93,31286324,KINGSTON COAST,1.899781635220747,1.7489828605289166,3.325410520801814,1.4785733094822284,1.5032318844600103,2.026560437166783,1.6855156596895144,0.7968837027291191,2.077629092143484,0.9902342343900375,0.6442458834360573,1.8369530795684366,0.902366360979657,1.6855156596895144
186,129256257,DUCIE RIVER,1.4305359560848567,1.6931343966962507,1.7416692177884658,1.5897141494597888,1.575489650942056,1.6282023064822704,1.9446486801867127,1.4538290861292416,1.7214645571011218,1.882252658099329,1.4116930167264647,1.7742628786074859,1.6722437615225103,1.6722437615225103
39,16644856,STEWART RIVER,1.0059014545031535,2.228017185217966,1.9719966128835873,1.6617769200746606,1.108996279689238,1.681350922754811,2.047283541388285,1.4714189839686171,2.4151921497105326,1.9995808586892392,1.4310917612322631,1.2843653920223443,1.0920377702292434,1.6617769200746606
187,129256258,JARDINE RIVER,1.3872732644876347,1.7688512023215202,1.8650047987018163,1.5671507959116706,1.4839715778585958,1.5531180609004391,1.9195798710545782,1.6372793636385692,2.000380638125311,1.830549674220409,1.357631526273234,1.7296066137620019,1.4640011231046584,1.6372793636385692
36,16644853,PIONEER RIVER,1.7379914247051342,2.0060589164186506,2.70868146141788,1.629855714397817,0.9709052333010129,2.206823715869406,1.9690677056466026,1.3156851155068823,1.5818146720631447,1.7261300427877133,1.2206726721544645,0.8207690772479748,1.4492385385765487,1.629855714397817
0,12117851,STYX RIVER,1.743335477400515,1.204470118608452,2.9797107669588487,1.0482860307512514,0.8158830717929235,2.2903404727290897,2.0216489515396927,1.5818249496385106,1.6261641474074395,1.6609342734083916,1.2461420911044934,1.0734620447529346,1.801165944254989,1.6261641474074395
40,16644857,NORMANBY RIVER,1.4886085091025019,2.3261200087905975,2.2197606796627576,1.6255541012734525,1.3269702515202366,1.7112183632955158,2.47181926833084,1.415807639783943,1.9391275995446755,2.340757091922353,1.0864535261951476,1.5098944590287182,1.505225046541739,1.6255541012734525
7,12117858,BAFFLE CREEK,1.4483698916982664,2.195169788026728,2.182292504936518,1.1304674204218905,1.6076797041183726,1.8458752801781257,2.0922666129339778,1.1744624965480164,2.1425700221817454,1.8444208914145888,0.7144371355116677,1.2136329586265617,1.3922503180605004,1.6076797041183726
20,16644837,JACKY JACKY CREEK,1.182408932774703,1.7786163191192992,1.889221220483156,1.4738333133315842,1.4512596226450878,1.513039266761534,1.808286202133482,1.5511614599322106,2.0888539289949457,1.8547490995671845,1.3106807346449638,1.8454084283704715,1.317553472762288,1.5511614599322106
184,129256255,EMBLEY RIVER,1.4648780154308922,1.5278632445523688,1.9467521281629887,1.4385106459563028,1.5927441671558042,1.8827560660780198,1.9124862133499576,1.448044728486746,1.5228394326719554,2.0531212249299253,1.4293502824188653,1.5348996962197836,1.6864221822953698,1.5348996962197836
8,12117859,KOLAN RIVER,1.5323726655131327,2.4055975578881448,2.6099905803486836,1.3459735070026397,1.4752655315906282,1.8358673161775587,2.1571158182667216,1.2495349146110344,2.293780373846195,2.127962554011232,0.9526160428388073,1.250508536709244,1.2953954559140153,1.5323726655131327
183,129256254,WARD RIVER,1.4649316039063862,1.3178085727616475,2.0937998834176947,1.420248537033968,1.735047082365961,2.005359157232149,2.02228536169025,1.5014494076838896,1.5315016645965303,2.07100828171189,1.4962862289328338,1.457207607426665,1.6820115611869215,1.5315016645965303
28,16644845,BLACK RIVER,1.8386725573730824,1.018278785364332,2.9398167103716224,1.2503902450840327,1.2670115483199689,2.7583518436101024,1.8613581201997145,1.4464291293447744,1.6658214251301227,2.6869276621077423,1.1181205593258796,1.528522773157141,1.158467754459905,1.528522773157141
12,12117863,FRASER ISLAND,1.496156142705952,2.2061416876041715,2.6279365697483024,1.1066085479865868,2.0785644205204306,1.7221936411438894,1.9423642308011269,0.9609311737589875,1.525824033949958,2.438416859273542,0.9892478184112806,0.8528749073447995,1.47687018199153,1.525824033949958
10,12117861,BURRUM RIVER,1.4539366321407499,2.2135146278282076,2.4234695195287115,1.0205748117017786,1.507387206814278,1.6655608070555463,2.165582079970129,1.1467602182712857,1.907861633428094,1.9538982081261156,1.0441327880488542,0.9267174884019405,1.0298680941384701,1.507387206814278
13,12117864,NOOSA RIVER,1.3444468180928368,2.383338463024288,2.6893987131898838,1.5049946867159096,1.4264616757243112,1.7997423000003332,2.0426340892991885,0.38769181209312065,1.9654568425902825,2.0645326767777616,0.8191243662506995,0.9385605847882244,0.8553285047117805,1.5049946867159096
30,16644847,HAUGHTON RIVER,1.5906019001807672,1.489029476238198,3.177196732692174,1.559843056152115,1.187425622235754,2.9505413677263697,2.375326559250891,1.0787675404664334,1.2024049661388432,2.313557669797788,1.4519696388245584,1.3954383818019351,1.273646755166416,1.489029476238198
6,12117857,BOYNE RIVER,1.4178317356179102,2.3619614327925778,2.606758014728741,1.4340882176298744,1.4785454478253364,1.8721251823076839,2.0590550033782855,1.2596331674917836,2.0528939718418306,1.8554829917435385,1.1031107730394263,1.4775227050776452,1.2196342650705823,1.4785454478253364
34,16644851,PROSERPINE RIVER,1.477861479443759,1.4650122272313184,2.683543353389843,1.188879106896518,0.9229170671872311,2.6047510153283002,2.1833182955921675,1.1355015388965544,1.369778904402232,2.5079421379995335,1.1147944009105508,1.275803703828519,1.482885101966606,1.4650122272313184
37,16644854,PLANE CREEK,1.5030062530770274,1.5639866799775044,2.4351030425137723,1.1502268765735792,0.9160722064770185,2.1098853709705074,1.3893297054297384,0.8237444261677501,1.6086089377708876,1.7916722085605048,1.0764615206105286,0.9491066398382682,1.4323596601939625,1.4323596601939625
29,16644846,ROSS RIVER,1.7301957030517727,1.019965727847606,3.1132066090618524,1.2513824320740465,1.3163970943608347,2.8202088439749784,2.023621610929035,1.3289393505727194,1.4561881246366397,2.654536349961119,1.2384102686342928,1.4231477378887043,0.9939259552152847,1.4231477378887043
5,12117856,CALLIOPE RIVER,1.393400500152263,2.0634759852919333,2.5678565273437273,1.319857437513791,1.4221686853872835,1.7792058408324358,1.9869006385802312,1.2036791767274428,1.896468189214394,1.609597019143016,1.4165380996217234,1.4225981195140305,1.4017033780181516,1.4225981195140305
91,31286322,COAL RIVER,2.13508138580391,1.4196588731268123,3.1232800157739917,1.3873528457829802,1.273742513255378,1.9541399391501124,2.0621818525723703,0.883596086104781,1.8923385825363992,1.418226806144921,1.1714838766730866,1.7244879679122254,0.6476036676397731,1.4196588731268123
4,12117855,CURTIS ISLAND,1.4931102803844756,0.9656145081752433,2.21047742949671,1.1723701594396623,1.4169138266158603,1.859036897298707,1.581640544740126,1.3783606336648504,1.67160484540703,1.411884241829271,0.8731863623995442,1.0567872306118262,1.7269201997992936,1.4169138266158603
35,16644852,O'CONNELL RIVER,1.509573982748635,1.7135923758552716,2.7100971125197453,1.25342008703848,0.7787609011538813,2.313713857281581,1.960305142908158,0.9928315368381796,1.3506402424610406,1.9910885607470696,1.0805163239691347,1.1486219988697493,1.4132520548963852,1.4132520548963852
33,16644850,DON RIVER,1.5159991240216295,1.3051467971547253,2.8884315490248427,1.3226044873552383,0.9196652560771023,2.837260741592695,2.535380030914186,0.7708373176825286,1.0394328057291535,2.3825613939539805,1.216600821282583,1.3467857014098388,1.3723133392076503,1.3467857014098388
1,12117852,SHOALWATER CREEK,1.6672014475850685,0.8801314400656489,2.9060687422944067,0.8331188194357472,0.7987119974969396,2.0918128970040946,2.0885658449317983,1.4381639986300674,1.1819003480939756,1.3026638454108572,1.243830489205855,1.015037845035334,1.6008412990883576,1.3026638454108572
2,12117853,WATER PARK CREEK,1.584195632586269,1.2368191151604884,2.792982989356418,1.1736009070642708,1.0325650308519758,1.6739285949513005,2.0411966860421265,0.5132277782662612,1.7577467635011639,1.2719697026548134,0.712467937516454,0.9480619292454063,1.4917623777279982,1.2719697026548134
98,31286329,KING ISAND,2.5840324508217702,1.0498370271574062,2.2814792175662064,1.2052835017074288,0.8489293827536337,2.242732875755713,1.9201459159222607,1.2154210969550796,1.622323098075757,1.140940274472939,1.173360221806233,1.4269150196617968,0.6220405118931072,1.2154210969550796
17,12117868,STRADBROKE ISLAND,1.2202482865315185,1.5971877117545974,2.1411056866430602,0.8928294425773853,1.153509828746188,1.4620778802051886,0.8171423921260675,0.1431778552977674,0.2037844186148991,1.9892180716196488,1.1919363241842624,0.2706181908047988,1.6396746788522127,1.1919363241842624
45,19999998,WHITSUNDAY ISLANDS,,,,,,,,,,,,,,
188,129256259,TORRES STRAIT ISLANDS,,,,,,,,,,,,,,
